JAMES,SMITH,SMITH.JAMES@TESTUSER.COM
JAMES,JOHNSON,JOHNSON.JAMES@TESTUSER.COM
JAMES,WILLIAMS,WILLIAMS.JAMES@TESTUSER.COM
JAMES,JONES,JONES.JAMES@TESTUSER.COM
JAMES,BROWN,BROWN.JAMES@TESTUSER.COM
JAMES,DAVIS,DAVIS.JAMES@TESTUSER.COM
JAMES,MILLER,MILLER.JAMES@TESTUSER.COM
JAMES,WILSON,WILSON.JAMES@TESTUSER.COM
JAMES,MOORE,MOORE.JAMES@TESTUSER.COM
JAMES,TAYLOR,TAYLOR.JAMES@TESTUSER.COM
JOHN,SMITH,SMITH.JOHN@TESTUSER.COM
JOHN,JOHNSON,JOHNSON.JOHN@TESTUSER.COM
JOHN,WILLIAMS,WILLIAMS.JOHN@TESTUSER.COM
JOHN,JONES,JONES.JOHN@TESTUSER.COM
JOHN,BROWN,BROWN.JOHN@TESTUSER.COM
JOHN,DAVIS,DAVIS.JOHN@TESTUSER.COM
JOHN,MILLER,MILLER.JOHN@TESTUSER.COM
JOHN,WILSON,WILSON.JOHN@TESTUSER.COM
JOHN,MOORE,MOORE.JOHN@TESTUSER.COM
JOHN,TAYLOR,TAYLOR.JOHN@TESTUSER.COM
MARY,SMITH,SMITH.MARY@TESTUSER.COM
MARY,JOHNSON,JOHNSON.MARY@TESTUSER.COM
MARY,WILLIAMS,WILLIAMS.MARY@TESTUSER.COM
MARY,JONES,JONES.MARY@TESTUSER.COM
MARY,BROWN,BROWN.MARY@TESTUSER.COM
MARY,DAVIS,DAVIS.MARY@TESTUSER.COM
MARY,MILLER,MILLER.MARY@TESTUSER.COM
MARY,WILSON,WILSON.MARY@TESTUSER.COM
MARY,MOORE,MOORE.MARY@TESTUSER.COM
MARY,TAYLOR,TAYLOR.MARY@TESTUSER.COM
PATRICIA,SMITH,SMITH.PATRICIA@TESTUSER.COM
PATRICIA,JOHNSON,JOHNSON.PATRICIA@TESTUSER.COM
PATRICIA,WILLIAMS,WILLIAMS.PATRICIA@TESTUSER.COM
PATRICIA,JONES,JONES.PATRICIA@TESTUSER.COM
PATRICIA,BROWN,BROWN.PATRICIA@TESTUSER.COM
PATRICIA,DAVIS,DAVIS.PATRICIA@TESTUSER.COM
PATRICIA,MILLER,MILLER.PATRICIA@TESTUSER.COM
PATRICIA,WILSON,WILSON.PATRICIA@TESTUSER.COM
PATRICIA,MOORE,MOORE.PATRICIA@TESTUSER.COM
PATRICIA,TAYLOR,TAYLOR.PATRICIA@TESTUSER.COM
ROBERT,SMITH,SMITH.ROBERT@TESTUSER.COM
ROBERT,JOHNSON,JOHNSON.ROBERT@TESTUSER.COM
ROBERT,WILLIAMS,WILLIAMS.ROBERT@TESTUSER.COM
ROBERT,JONES,JONES.ROBERT@TESTUSER.COM
ROBERT,BROWN,BROWN.ROBERT@TESTUSER.COM
ROBERT,DAVIS,DAVIS.ROBERT@TESTUSER.COM
ROBERT,MILLER,MILLER.ROBERT@TESTUSER.COM
ROBERT,WILSON,WILSON.ROBERT@TESTUSER.COM
ROBERT,MOORE,MOORE.ROBERT@TESTUSER.COM
ROBERT,TAYLOR,TAYLOR.ROBERT@TESTUSER.COM
MICHAEL,SMITH,SMITH.MICHAEL@TESTUSER.COM
MICHAEL,JOHNSON,JOHNSON.MICHAEL@TESTUSER.COM
MICHAEL,WILLIAMS,WILLIAMS.MICHAEL@TESTUSER.COM
MICHAEL,JONES,JONES.MICHAEL@TESTUSER.COM
MICHAEL,BROWN,BROWN.MICHAEL@TESTUSER.COM
MICHAEL,DAVIS,DAVIS.MICHAEL@TESTUSER.COM
MICHAEL,MILLER,MILLER.MICHAEL@TESTUSER.COM
MICHAEL,WILSON,WILSON.MICHAEL@TESTUSER.COM
MICHAEL,MOORE,MOORE.MICHAEL@TESTUSER.COM
MICHAEL,TAYLOR,TAYLOR.MICHAEL@TESTUSER.COM
WILLIAM,SMITH,SMITH.WILLIAM@TESTUSER.COM
WILLIAM,JOHNSON,JOHNSON.WILLIAM@TESTUSER.COM
WILLIAM,WILLIAMS,WILLIAMS.WILLIAM@TESTUSER.COM
WILLIAM,JONES,JONES.WILLIAM@TESTUSER.COM
WILLIAM,BROWN,BROWN.WILLIAM@TESTUSER.COM
WILLIAM,DAVIS,DAVIS.WILLIAM@TESTUSER.COM
WILLIAM,MILLER,MILLER.WILLIAM@TESTUSER.COM
WILLIAM,WILSON,WILSON.WILLIAM@TESTUSER.COM
WILLIAM,MOORE,MOORE.WILLIAM@TESTUSER.COM
WILLIAM,TAYLOR,TAYLOR.WILLIAM@TESTUSER.COM
DAVID,SMITH,SMITH.DAVID@TESTUSER.COM
DAVID,JOHNSON,JOHNSON.DAVID@TESTUSER.COM
DAVID,WILLIAMS,WILLIAMS.DAVID@TESTUSER.COM
DAVID,JONES,JONES.DAVID@TESTUSER.COM
DAVID,BROWN,BROWN.DAVID@TESTUSER.COM
DAVID,DAVIS,DAVIS.DAVID@TESTUSER.COM
DAVID,MILLER,MILLER.DAVID@TESTUSER.COM
DAVID,WILSON,WILSON.DAVID@TESTUSER.COM
DAVID,MOORE,MOORE.DAVID@TESTUSER.COM
DAVID,TAYLOR,TAYLOR.DAVID@TESTUSER.COM
LINDA,SMITH,SMITH.LINDA@TESTUSER.COM
LINDA,JOHNSON,JOHNSON.LINDA@TESTUSER.COM
LINDA,WILLIAMS,WILLIAMS.LINDA@TESTUSER.COM
LINDA,JONES,JONES.LINDA@TESTUSER.COM
LINDA,BROWN,BROWN.LINDA@TESTUSER.COM
LINDA,DAVIS,DAVIS.LINDA@TESTUSER.COM
LINDA,MILLER,MILLER.LINDA@TESTUSER.COM
LINDA,WILSON,WILSON.LINDA@TESTUSER.COM
LINDA,MOORE,MOORE.LINDA@TESTUSER.COM
LINDA,TAYLOR,TAYLOR.LINDA@TESTUSER.COM
RICHARD,SMITH,SMITH.RICHARD@TESTUSER.COM
RICHARD,JOHNSON,JOHNSON.RICHARD@TESTUSER.COM
RICHARD,WILLIAMS,WILLIAMS.RICHARD@TESTUSER.COM
RICHARD,JONES,JONES.RICHARD@TESTUSER.COM
RICHARD,BROWN,BROWN.RICHARD@TESTUSER.COM
RICHARD,DAVIS,DAVIS.RICHARD@TESTUSER.COM
RICHARD,MILLER,MILLER.RICHARD@TESTUSER.COM
RICHARD,WILSON,WILSON.RICHARD@TESTUSER.COM
RICHARD,MOORE,MOORE.RICHARD@TESTUSER.COM
RICHARD,TAYLOR,TAYLOR.RICHARD@TESTUSER.COM
